{"version":"1.5","timestamp":1767253987,"count":15,"index":{"":{"key":"","storage_key":"","template":"root","storage_timestamp":1767080533,"markdown":{"":{"root":1764399680}},"children":{"01.aabtaab-home":1767071978,"02.online-courses":1767080553,"home":1767072144},"checksum":"add6dfe19fec3028b186bb718e8ca104"},"01.aabtaab-home":{"key":"aabtaab-home","storage_key":"01.aabtaab-home","template":"default","storage_timestamp":1767071978,"markdown":{"":{"default":1767071978}},"checksum":"259d4dad687780983b1e4a5dbbd76db0"},"02.online-courses":{"key":"online-courses","storage_key":"02.online-courses","template":"courses","storage_timestamp":1767243639,"markdown":{"":{"courses":1767082207}},"children":{"01.Quran":1767243715,"02.Nahjul Balagha":1767080668,"03.Ethics":1767080659,"04.History":1767243560,"05.Jurisprudence":1767243639},"checksum":"c742f4fdd121bd582a5aad08bca5a874"},"02.online-courses\/01.Quran":{"key":"online-courses\/quran","storage_key":"02.online-courses\/01.Quran","template":"default","storage_timestamp":1767243715,"markdown":{"":{"default":1767080707}},"children":{"01.Hifz":1767243664,"02.Tajweed":1767243673,"03.Nazra":1767243715},"checksum":"eecca8e6c1e9aaecb8ebba1adada486b"},"02.online-courses\/01.Quran\/01.Hifz":{"key":"online-courses\/quran\/hifz","storage_key":"02.online-courses\/01.Quran\/01.Hifz","template":null,"storage_timestamp":1767243664,"checksum":"8c99c97fb32c3d06df28e032dd6f818f"},"02.online-courses\/01.Quran\/02.Tajweed":{"key":"online-courses\/quran\/tajweed","storage_key":"02.online-courses\/01.Quran\/02.Tajweed","template":null,"storage_timestamp":1767243673,"checksum":"a42de18f4d5ad53771d1e9f34a67d4c0"},"02.online-courses\/01.Quran\/03.Nazra":{"key":"online-courses\/quran\/nazra","storage_key":"02.online-courses\/01.Quran\/03.Nazra","template":null,"storage_timestamp":1767245408,"children":{"01.Beginner's Level":1767243746,"02.Intermediate's Level":1767243761,"03.Advanced Level":1767243769},"checksum":"c1cf97dd6b05466b96e28f40dea76784"},"02.online-courses\/01.Quran\/03.Nazra\/01.Beginner's Level":{"key":"online-courses\/quran\/nazra\/beginner's level","storage_key":"02.online-courses\/01.Quran\/03.Nazra\/01.Beginner's Level","template":null,"storage_timestamp":1767243746,"checksum":"6ea5db469e517cb72f2f87b4e9860829"},"02.online-courses\/01.Quran\/03.Nazra\/02.Intermediate's Level":{"key":"online-courses\/quran\/nazra\/intermediate's level","storage_key":"02.online-courses\/01.Quran\/03.Nazra\/02.Intermediate's Level","template":null,"storage_timestamp":1767243761,"checksum":"1e127d8ffe847b0a6d9d6d20bf2d3e5f"},"02.online-courses\/01.Quran\/03.Nazra\/03.Advanced Level":{"key":"online-courses\/quran\/nazra\/advanced level","storage_key":"02.online-courses\/01.Quran\/03.Nazra\/03.Advanced Level","template":null,"storage_timestamp":1767243769,"checksum":"1c89f7702d04f1fa1f1ccc12884e3193"},"02.online-courses\/02.Nahjul Balagha":{"key":"online-courses\/nahjul balagha","storage_key":"02.online-courses\/02.Nahjul Balagha","template":null,"storage_timestamp":1767080668,"checksum":"48088b80c7a9dd8a6e75d55d11c5df7f"},"02.online-courses\/03.Ethics":{"key":"online-courses\/ethics","storage_key":"02.online-courses\/03.Ethics","template":"default","storage_timestamp":1767251982,"markdown":{"":{"default":1767251982}},"checksum":"fc263f1f6fc2bc9f4f1ec0f3eef766a5"},"02.online-courses\/04.History":{"key":"online-courses\/history","storage_key":"02.online-courses\/04.History","template":"default","storage_timestamp":1767252434,"markdown":{"":{"default":1767252434}},"checksum":"1cc793b86b44eeba2f9f04e9042e2c23"},"02.online-courses\/05.Jurisprudence":{"key":"online-courses\/jurisprudence","storage_key":"02.online-courses\/05.Jurisprudence","template":"default","storage_timestamp":1767252838,"markdown":{"":{"default":1767252838}},"checksum":"16a08c55213e40b6ffb8913a8cc4a4ee"},"home":{"key":"home","storage_key":"home","template":"default","storage_timestamp":1767253897,"markdown":{"":{"default":1767253897}},"checksum":"fa8423db4eb8be08119cc8671dcc3ce5"}}}